id,reviews,labels
2498,For the price not worth it. Taste not very good.,negative
4297,Perfect combination of Choco chips and chocolate flavor. The crunchiness of chips added some little taste in it. Mouth melting Experience. I love this ice cream.,positive
4293,This ice cream is defiently the best on the market! I am a repeating consumer and will be for the rest of my life. It can be a little pricey. VERY DELICIOUS!!!! I am satisfied with the product they make!,positive
4298,The best ice cream ever! Yes it is more expensive per pint than most ice creams are per quart but it is soooo good. I continue to buy this because I love the rich flavor and you cant beat a cookie dough and brownie combination to me!,positive
4300,Ben and Jerrys is my favorite ice cream. They have to many flavors- you cant go wrong- but half baked is definitely one of the best in my opinion. I will definitely buy again.,positive
5101,"Ugh so good. The combo of caramel, brownie, and whatever else is in there (can't remember at the moment) is so great. It's a little high calorie but so good. I also only buy this on sale because it's like $6 at rite aid which is insane.",positive
5133,"I've had this a few times and it was beyond heavenly but unfortunately the last few times the peanut butter cookie dough has tasted realllllyyy weird and not good. It makes me so sad cause this is the best flavor in the world, or use to be. Please fix it!!!",negative
10864,I ordered an unspecified pint of Ben & Jerry's from the deli and my delivery guy gave me this gem. I fell in love. It was fate <3,positive
10892,What a great flavor! It has that great cookie crumble that I love + cookie dough...mmmm!,positive
10893,Definitely the best ben & jerryâ€™s Iâ€™ve had. Really good taste and combination,positive
319,Great product,positive
4281,SO SO SO good! I love love love Ben & Jerry's and this is my absolute favorite flavor! Cannot resist a serving every single day of the week!,positive
4282,"The perfect combination of cookie dough and brownie, and I really like the chuck pieces in it too. Also the chocolate and vanilla ice cream makes it even better. Im always happy when I have some of this in my day.",positive
4283,This stuff is dangerous. Take one bite and you will end up eating the whole pint! Jeez the cookie dough and brownies are perfection mixed in vanilla and chocolate ice cream... I'm drooling.,positive
4286,"The best of the flavors, but there are so many good ones. Ben & Jerrys is a household staple.",positive
4287,Hands down the best ice cream ever really rich creamy flavor . Really affordable price.,positive
4288,YASS! This is my all time favorite Ben & Jerry's ice cream! I love all the different flavors it has and the chocolatey goodness. When I'm having a crabby day or even some me-time I grab my spoon and chill with some Netflix and my night is set thanks to this buddy right here!,positive
4285,This ice cream is the bomb! It has brownies and cookie dough!!! What more can you ask for,positive
4289,Most amazing flavor ever. It has the perfect blend of chocolate and vanilla ice cream with cookie dough and fudge brownie chunks. Highly recommend,positive
4301,One of my favorite Ben & Jerrys flavor. Super creamy ice cream. A little expensive just like any Ben & Jerrys ice cream,positive
4294,Errr mah gerrrd! One of the best ice creams! Wish they made bigger containers though.,positive
4295,every single flavor of Ben & Jerry's I have had has been so good. I love ice cream and they just go above and beyond to taste amazing. You definitely get what you pay for.,positive
12709,"Im still in the testing stages, however after a week I definitely felt the boost in libido and energy. This thing is doing something and im not complaining about it. The gym has been fun, wife has been happy and I have no complaints yet.",positive
4290,Yum so good. If only this was healthy for you lol. I would eat tubs. This is a healthy alt to ice cream though,positive
4292,If you live cookie dough this is the icecream for you! Tastes amazing but the price is up there for the amount you are getting and compared to other brands.,positive
4296,Its my favorite ben & jerrys ice cream. Taste so chocolatey and delicious. I could finished a pint of the ice cream by myself. Very recommended to all the chocolate lovers.,positive
4302,This is my number one favorite ice cream brand and I wouldnt even want any other flavor!,positive
10799,Loved it !! It was so yummyyyyyy ! The flavor is just amazingggggg,positive
13239,"These batteries do not take a charge. Stick to national / well known brands, if you want to avoid aggravation.",negative
13240,These donâ€™t last for longer than 30 minutes and are nonreturnable.A waste of money do nothing buy!,negative
16274,Works Great!,positive
2499,"Absolutely Delicious! Healthy, Flavorful, Nutritional, and mine!",positive
2500,Great purchase,positive
6959,These sweet fish are my favorite!! So good!,positive
6957,Absolutely love the sweet fish! Delicious!,positive
4322,This is my second favorite Ben & Jerry's flavor and def one of my go tos. It's really good. Love chocolate so brownie plus cookie dough is a great combination. Honestly I don't know anyone who doesn't like half baked,positive
4323,"Oh my god I absolutely L O V E this icecream, like in my personal top 3. Everyone should try a Ben and Jerrys icecream at some point",positive
4695,"I don't know why people are complaining as this ice cream has been and forever will be amazing. This is by far my favorite flavor, I don't know what changed about the brownie but I like it either way.",positive
6958,"These are so, so good. Keep 'em coming!",positive
6566,Imagine breaking a chocolate chip cookie & mixing it with vanilla soft serve ice cream & you will get this amazing non-dairy alternative flavor! Perfect for the lactose intolerant or if you are cutting down on your dairy intake.,positive
7801,We love these. Great texture. No sugar is a plus. My boyfriend and I fight over them.,positive
13241,Working great to replace the battery on my Ring contact sensors.,positive
8310,Confetti Cookies by milk bar. I'm kinda on the fence about these they are really moist just like I like but I'm just not big on the flavor. [This review was collected as part of a promotion.],neutral
4324,Was OK. Meh. Just as good as competitors at 1/3 of the price. Wouldn't buy again. If I'm going to indulge financially and calorie wise- I expect something more.. wow factorish,negative
4311,By far the most addicting flavor EVER I love this brand and everything they stand for!,positive
4325,"I love the combination of Cookue dough and brownie bits in this ice cream! I do wish they would add more brownie bits to it, it seems like there is never enough. The brownies are nice and soft and super delicious.",positive
10017,So help me God I am going to be a whale by the end of 2020....,neutral
4306,"I buy this flavor of Ben & Jerry's all the time. It's a hit with everyone in my family, as well as with my friends, and is probably their best flavor. Ever.",positive
6960,The Sweet Fish were great - loved the flavor and the fact it was much better for you and handled my sweet tooth. I will order more!!!,positive
6961,Really curbs my sweets craving!,positive
6962,Love love love,positive
4307,Ben and Jerrys is always amazing and they have the best tasting ice cream. So delicious and there are no other brands like it !,positive
4309,"This is really good. It can be a lil too chocolatey for me, but its still really delicious.",positive
18950,[This review was collected as part of a promotion.] This cookie is VERY good. I am actually shocked at how good it tastes. Crumble is wonderful and the inside of the cookie is soft!,positive
4312,Absolute favorite icecream in the ben and jerrys line. I always go to the store and pick this up when I need a icecream break,positive
4313,If you can't pick between cookie dough or brownie this is the one you should get!! It's a mixture between the both and what's better than that?? Nothing. Go get it!,positive
4314,Yaaaass!! Best ice cream flavor ever!. I mean come in huge and I mean HIGE chinks of brownie and cookie dough. Love it!!,positive
4315,Best Ben and Jerry's flavour ever! So amazing and full of flavour! Definitely affordable for the quality! Eat this like once a week! Absolutely amazing and anyone who hasn't tried it it's so good! Cookie dough and brownie dough!,positive
4316,"A movie, a fireplace, a cry fest, this ice cream is the go-to for whatever your night holds. Will buy over and over!",positive
4318,"The best and most rich flavor in Ben & Jerry's flavor arsenal, Half Baked provides consumers with a mash up of two extremely popular batter flavors Cookie Dough and Brownie Batter. Blending these two amazing flavors with vanilla and chocolate ice cream provides a snaking experience unlike any other.",positive
4317,I love Ben & Jerry's ice creams! They are a quite a bit more pricey than the other ice creams but it makes a lovely treat.,positive
4320,Best icecream flavour that they make at Ben and jerry's! Perfect mix of the cookie dough and brownie batter,positive
4304,this was always my favorite b&j flavor. So good. I love the mix of brownie and cookie dough,positive
7679,They are very tasty and of good quality.Thank you.,positive
13387,APC makes great UPS's. This one is doing exactly what I wanted and is working fine. In use for a while now and I am happy camper!,positive
2501,The cookies were not anything special. I had seen the cookies on the Today show thought the way thy were talking about them the cookies had to be special. They werenâ€™t. I didnâ€™t eat one clover and the Birthday flavor cookies sit unopened.,negative
2502,"Flavorless and artificial tasting cooking. Such a disappointment, please do not waste your money on those. I expected Milk-bar to do better.",negative
6058,Very good ice cream I will order again,positive
18883,"The drive died after 2 years, very short life span. I have 2.5inch drives & 3.5 inch that are over 7-9 years old and still running. Disappointing considering the price at the time of my purchase. Became unrecognizable by bios & windows. I'm lucky I changed to using it as a game drive and moved my family photos elsewhere.",negative
4334,Perfect mix of Brownies and cookie dough combined PLUS you get chocolate and vanilla ice cream! What lore could you want!?,positive
4330,The best flavor. I love brownie batter and cookie dough. It's just so good okay. Worth it,positive
6572,"The only thing wrong with this ice cream is it isnt in a gallon container. Hands down the best non dairy ice cream I have tried, and I have tried almost all of them. If you like Oreo or Chips Ahoy dunked in milk you will love this!",positive
6963,These are amazing!! I love that I can indulge without ruining my diet goals- and my kids love them too!,positive
4331,"A guilty pleasure to say the least. This ice cream has brownies, cookie dough, chocolate and vanilla ice cream. Such a good combination for when you're feeling something sweet.",positive
13242,"I have an August Lock that chews threw the batteries (grand central station at this house!). For that I need a supply of CR123 batteries to feed the beast. I found that these batteries have the same longevity as the Top dollar brands out there, and at a significantly lower price. I use these with confidence and find them the right capacity for me.",positive
4333,"Favorite Ben& Jerry's flavor, it's creamy and the chunks of cookie dough and brownie tastes good",positive
4335,Loooooved these when I was pregnant with my daughter !! Omg !! So good ! My sister would always buy it for me ! Love how crunchy the chocolate chips are when you bite into those cookie dough chunks ! Very delicious! I will be buying some today !,positive
371,Excellent product.,positive
4697,"I normally love Half Baked and tired this one by itself. Everything about it was disgusting. The brownies tasted old and crumbly, and even the ice cream tasted of freezer burn. You need to take better care of your products. I normally love your ice cream.",negative
4699,"I have tried this ice cream on multiple occasions, it is seriously the best ice cream ever!",positive
4701,"This flavor used to be a favorite of mine, but the last few times I have purchased this flavor over the past few months, no matter what store, the ice cream itself has been great...but the brownie chunks were dry and crumbly! I had purchased Half Baked as well, and the brownie chunks were AMAZING!! I hope something can be figured out so it can be a return to being in my good graces again!!",negative
4702,Love this ice cream the brownies are so soft and delicious,positive
4870,Every time I go to a scoop shop or the Vermont factory I get myself a big helping of Americone Dream. IT IS THE BEST.,positive
4329,"The ben and jerrys half baked icecream has chocolate, vanilla flavors, and marshmellow cream inside.",neutral
4332,"This is my favorite flavor of Ben & Jerry's ice cream! Love it! It is a bit pricey, but when it's on sale, I stock up.",positive
4336,"For years, this chocolate and vanilla duo mixed with cookie dough and brownie bits has blown my mind. For ever my go-to",positive
4703,GREAT ICE CREAM OVERALL!!!!!!!!!!!!!!!!!!!!!!!!!!!,positive
4337,"Nothing touches the flavor of Ben and Jerry's, love the new products they are always trying new things and it shows great innovation. Half baked is just a classic of theirs that will always be my go to for movie nights in.",positive
4577,its pengggg how can u not love it its ac bae i stg,positive
4338,"My favorite Ben and Jerry's flavor! Maybe even my fave ice cream in general flavor too. The chunks are big too which I like! I have had this several, several times and would recommend. Decent pricing too!",positive
10800,It was mostly good except the peanut butter cookie dough had yucky aftertaste. My husband agreed. Unfortunately most of the chunks were peanut butter so we both had significant collections at the bottom of our pints. Normally I like anything sweet but they really were a bit nasty. The rest was delicious.,negative
4327,Every Mom has a hidden guilty pleasure in their kitchen...... this is mine! It hits the sweet spot every time,positive
6661,Strawberry Chezcake is the best flavour ever, it makes my life happy.
4698,I've been in this wonderful ice cream for a long time and it is the best ice cream if you guys got it even has brownies in it,positive
6414,I like the taste but I stopped eating because of soybean oil content. Should be replaced with butter / coconut oil/ palm oil.,negative
2503,"Not only were they not the flavors I ordered, they were plain awful!!!",negative
2504,"Good bread with seeds. I love a seedy bread sometimes, though this one doesnâ€™t have as many seeds as other brands but it is organic. Most organic bread have a shorter shelf life than non-organic and even more true of these ones available through Fresh.My biggest gripe is with Amazon Fresh as I often receive bread that is squished. My last loaf was completely punched in. The middle of the loaf was about 25% of the size. Not really usable for sandwiches and way too dense from being squished down to enjoy in other forms. Also, do they not rotate items so that itâ€™s first in, first out??? Almost always arrive with short expiration dates and molds quickly. Never experience these issues whenever I go to a grocery store and pick out my own loaf.Donâ€™t bother if you know you canâ€™t finish the loaf or freeze within a few days.",positive
2505,"Fabulous snack, totally surprised. was expecting a thin salted cardboard taste. if you've got children with sensitivities they'll love these.",positive
3722,Muscle gains are faster better sleep and faster recovery. I feel stronger in the gym and finally have stamina for 2 hour workouts.,positive
3723,"This product just makes u feel blooded after taking it . Iâ€™ve been using it for a month now thinking that at first it was just my body getting use to it , but no every time I use it it just makes me feel blooded n very uncomfortable to the point weâ€™re u canâ€™t enjoy ur workout",negative
3724,Energy change was noticable. Happy with product!!!,positive
3725,"Straightforward opinion, I like this product. There is no strange after taste, the pills are easy to swallow, and I genuinely believe that these are helping me with my progress and workouts. They came highly recommended to me by several of my friends that I've made at the gym and I am happy that I purchased them. After about 1.5 weeks of taking 2 capsules a day, I've noticed an increase in mood, energy, libido, and most importantly a decrease in my overall belly fat. I will increasing my daily intake to 2 capsules twice a day with my next bottle and hopefully will continue to see an improvement. If you are on the fence about giving this product a shot, jump on down and do it! I don't think you'll be disappointed.",positive
3726,This product is exactly what I needed. Great booster and highly recommended!!,positive
3727,Is great,positive
3728,Just like taking a placebo everyday,neutral
3729,Have used HGW a bit and decided to try this. Works great! Give it a shot!,positive
3730,Didnâ€™t work at all. It was cheap so I didnâ€™t expect much. You get what you pay for!,positive
3731,Slept Good Felt Good Before and after work use them when working land scaping. ðŸ˜ƒ,positive
3732,"effective, more energy, feel stronger",positive
3733,I'm 52 years old and I needed to lose some weight. This product wakes up your body and it helps with workouts. You can see it and feel it during and after workouts. It helps you work out longer and recover faster.,positive
3734,"My husband starting taking this about a month ago, so far it has helped with his energy and sleep. Itâ€™s helping in other areas too, but not expecting immediate results for a couple of months",positive
3735,This product helps give that little edge when age starts to take its effect. It helps give that little bit of extra umpf at the gym.,positive
3736,No bad taste. I have more energy. Can't wait to see the effects long term.,positive
3737,I saw a dietitian and they recommended taking a T-Booster. The one they â€œdesigned â€œ was $250 per 30 days.I found Prime Labs and tried there product and I will never go back,positive
3738,This product is one of my favorites for working out and getting extra energy. Its clean ingredients really do help me get the boost I was looking for. It is highly recommended for anyone looking for that little bit of extra push. Ive ordered this multiple times already and will definitely be putting another order in soon.,positive
3739,I was fine for a day but felt nausea and then have watery runs day after. I thought I had food poisoning and waited four days to recover. Two days later I just took one this morning and now I'm back at it again. P.s. didn't really feel any positive side effects from this either and I'll be 30 in august,negative
3740,Fake done buy,negative
3741,My workouts be alot more intense now that I have more energy to back it up,positive
3742,I have tried other products in the past and haven't found the gains or recovery. this seems to really well. It took a couple of days but then I really started to see gains. I'll keep using this product.,positive
3743,"I'm already down to my second bottle I have never felt better, even my wife notice a difference when I'm with her and I haven't told her that I am taking this pills, it has help loose weight from parts of my body I always have trouble getting rid off, added strength during workout has improve (boxing/kickboxing) and energy to take additional time at the gym without wearing you down.",positive
3744,Product is as described!,positive
3745,My energy level increased substantially.,positive
408,Great Overall.,poisitve
3746,Great! Worth the money.,positive
3747,Worked well,positive
3748,"Noticeable difference in energy levels. I'm typically very lethargic and after taking this, it feels like I just have more energy in my body.",positive
2506,Squishy? And all the add ins were stale as heck so the whole experience was wet and chewy and they all tasted the same. Wud send to an old family member who canâ€™t taste as a gift though.,negative
2507,Not returnable bummer they taste artificial and stale,negative
3749,Good stuff. Good price.,positive
3750,Order arrived just what I expected ingredients look legit can wait to give it a cycle,positive
3751,"Great product, highly recommend!!",positive
3752,Love the product! It obviously boosts up my stamina and work out strength! I feel my overall body energy has increased since starting to take this amazing supplement! Highly recommended!,positive
3753,Amazing product!,positive
3754,Great product and made here in the U.S.A.!,positive
3755,I tried it 2 days In a row and was bloated for 48 hours apparently it's not meant for me.,negative
3756,Works great!!!,positive
3757,"Since taking this product, I feel like I have a lot more energy. And I seem to be more alert and focus. Would definitely recommend this product.",positive
3758,Seems like it helped happy with product,positive
3759,Okay,neutral
3760,Like the product and it's effectiveness. Wish it was a capsule instead of a tablet.,positive
6072,Great,poisitive
7802,"These are SOOOO good! the absence of added sugar is so nice. I'm not sure, as I didn't do a ""scientific"" study (ie, takes pictures ahead of time), but I think that the mangoes got darker after opening the bag, which is expected since there aren't any preservatives or sulfur compounds on them!",positive
4344,"BEST ICE CREAM FLAVOR IN THE WORLD! If you love chocolate but equally love vanilla, this is the ice cream for you.",positive
6073,Great taste!,positive
4343,My all time favorite ice cream! It's a bit on the expensive side but it's definitely worth it!,positive
6967,These Sweet Fish are just the right consistency! They are a great replacement for my sugary Swedish Fish obsession.,positive
11236,"Guilty pleasure! Perfect for the sweet tooth, lots of cookie dough pieces and chocolate chips.",positive
18459,"This ballast has nonstandard wiring. Aside from the power wires, there are 4 red and 4 blue wires coming out of the ballast. There is no common yellow. You will have to rewire the tombstones. Usually there are 2 red, 2 blue, and 2 yellow wires coming out of the ballast. This is not a simple replacement wiring. You will need to connect either the blue/red to the yellow and remove the black jumper from the tombstone and connect it to the other red/blue wires.I purchase 4 of these ballasts but they are too much of a hassle to install. I will not purchase this ballast next time.",negative
4350,The best icecream I have ever eaton.So delicious. Definitely my go to comfort food :-),positive
4352,"Amazing! Not too glad to admit, but have had this many, many times and not planning on switching any time soon! Will forever be a staple in my freezer.",positive
13243,I use these in my Tactical Lighting systems It lasts as long as any Named brand battery,positive
4353,"These little things are not cheap but they are so dang good! I love the big chunks of cookie dough and brownie batter, so satisfying! I try not to eat the whole thing in one sitting hahah",positive
4351,"Amazing!! It has chocolate ice cream, marshmallow, brownie chunks, and more! It's seriously so addicting. I would highly recommend this flavor ice cream to others! It's my number one comfort food pick!",positive
4355,This is my favorite ice cream of all time. So delicious and wonderful flavors across the baked board,positive
5302,"This is the greatest ice cream flavor of all time. And the guitarist it's named after is the greatest player ever, so there's that.",positive
4356,"I love half baked, like love love it. But I have a pint that is totally missing cookie dough!",positive
4347,"I buy this all the time, it is my favourite ice cream ever. I got some today and there were no cookie dough chunks and it made me so sad I ate the whole pint.",positive
4357,"It's amazing! An ok icecream, it has everything you want all in one but its averge to me, I always look for something diff",positive
4358,"This ice cream is the ultimate ice cream, and you don't need to be half baked to enjoy it. In fact I think I will go get some right now",positive
4871,Oh my gosh. Best ice cream out there the little chunks of cone really make this ice cream worth the money,positive
10801,"No ""blank bites"" perfect! I love all the swirls in here, it might seem like a lot of different flavors but they really DO go together!",positive
13244,Great value for money.. works great with my security system,positive
13918,"Very good , it resurrected my old laptop.",positive
2508,I love that these are so light and crispy. You wouldn't use them with dips or cheese or anything because they are flavored and are low in calories. A nice alternative to ships. My favorite flavors are the cheese and the fiery chili lime.,positive
3761,Product help me in so many ways.,positive
3762,I'm a Milk bar fan but these are a disappointment. How Christina Tossi signed off on these I have no clue.,negative
3763,The cookies are the size of a silver dollar. There is no value in this product at all. The flavor was the worst I could imagine for cookies. Imagine play dough in an easy bake oven. The marketing team that leveraged the product should run political campaigns.,negative
3764,the snacks were rancid.. the oil was bad oil and tasted nasty,negative
4369,This is a very tasty ice cream flavor!!! I have bought this flavor many times before. It is so delicious and is my go to ice cream. I bought it from my local grocery store. I was very satisfied with this product.,positive
4370,"This is my favourite ice cream of all time! My only complaint is the big price for the small container, but it's also worth the money so it's not a game changer for me. I will buy this ice cream until I die!",poistive
4374,I HAVE BEEN FAITHFUL TO HALFBAKED SINCE THE LONGEST TIME. THIS HAS GOT TO BE THE BEST ICECREAM I HAVE EVER HAD IN MY WHOLE LIFE AND IM 22 WHICH MEANS IVE HAD MANY YEARS OF ICECREAM EXPERIENCES. PLS SPONSER ME AND SEND ME ICECREAMS EVERY MONTH AND ILL SUPPORT U <3 <3 <3 <3,positive
4375,"Half Baked ice cream, yes!!! It's amazing and I would recommend everyone to try it!!!",positive
4373,This ice cream is so hard to resist! It has so much flavor and will satisfy any craving you may have! The price is worth it,positive
4376,this is my all time favourite ice cream!! It is the perfect mix of vanilla with chocolate. I usually buy it at the grocery store for around 7 dollars. It is way better than alternatives like hagen daaz. Cheaper and better tasting will definitely purchase again,positive
4377,Great ice cream all the flavor is there and with high quality taste. I purchase this often for home. Overall worth the price.,positive
4379,This is my favourite of all the flavors. Love the mix of chewy brownie and huge chunks of cookie dough. Nice mix of vanilla and chocolate ice cream as well.,positive
4380,This is the best ice cream ever. My pints always have heaps of brownie and cookie dough in them and this is perfect for people who can't choose between chocolate or vanilla. Love it!,positive
4381,It is the best Ice Cream on the market nobody compares I absolutely love Ben & Jerry's Half Baked proud purchaser for 14 yrs.,positive
4382,ben and jerry's is such a good ice cream. taste amazing.. all flavours do actually but this is what i pick up when i crave some ice cream,positive
4378,My favorite! I love the cookie dough and that it is a mix of chocolate and vanilla ice cream!,positve
4383,Go to ice cream when I'm sad is absolutely the best ice cream ever,positive
4586,I absolutely love chocolate fudge brownie! It is a chocolate paradise but it is surprisingly not overly sweet. When the brownies are nice and moist it makes for a wonderful experience!!!,positive
10802,This flavor does not last a day in our house! It is so delicious and the gobs of peanut butter cookie dough make it that much better.,positive
8471,"I usually love Milk Bar products, but these were just horrible.",negative
18461,Ahh...so much quieter and quick to light up! Will be ordering a couple more soon!,positive
5155,I honestly can say that I am a 33 yr old woman and this is my absolute favorite ice cream that has ever crossed my path. Do good.,positive
11913,"Donâ€™t waste your money. Milk Bar should fire their distributor because youâ€™d find a better tasting cookie dumpster diving, then buying of these.",negative
4364,I bought this a week ago for the first time and instantly fell in love. The combination is epic!,positive
4363,I was excited for the brownies and cookie dough! All I got was plain chocolate and vanilla ice cream :( Not the adventure I imagined.,positive
4367,This ice cream is my favorite Ben and Jerry's ice cream flavor!!!,positive
18460,"These were just what I needed to replace the aging, weak ballasts in my basement ceiling lights. They are easy to install, just follow the wiring diagram printed on the ballasts.",positive
18462,Just as expected. A+,positive
18463,helpful & prompt,positive
18464,"I used this to replace the failed ballast on a 2 lamp 18"" fixture in the garage. It is just like any other ballast you've wired and has the handy diagram on the face of the housing.This ballast has fired within 1-1.5 seconds after switched on every time I've used it, even in temperatures near zero degrees Fahrenheit when the heater failed in the garage!Exactly what i was looking for! Much better than old magnetic ballast i pulled out.",positive
2509,"The boxed version of the chocolate chip, corn flake, marshmallow cookie is a lot smaller and softer than the store version. I like this cookie a lot, as the flavor is the same. But I LOVE the store brand version of this cookie. I added a photo of the store bought cookie purchased at Milk, in Las Vegas, at the Cosmopolitan Hotel, on the second floor (see thru pkg). I included a photo of the one I ordered on Amazon. My order came with 3 boxes of delicious cornflakes, chocolate chip, marshmallow cookies. So I gifted a box to my mom. She's a new fan of my fav cookie! They were fresh and yummy.",positive
13245,Donâ€™t buy these - youâ€™ll be replacing them constantly as battery life is very short. Stick with Duracell theyâ€™re far superior.,negative
4386,Wish I could give it 6 stars! This ice cream stays in my freezer! I'm completely obsessed,positive
4385,This stuff has been my downfall. I've had to learn to eat it in moderation. It is my number one favorite Icecream ive ever had. My husband doesn't even have to ask what kind I want anymore it's always half baked!,positive
4388,This is by far my favorite icecream brand. This flavor is great too! It has both chocolate and vannilla icecream,positive
4393,"I ate a pint of this in one go. No regrets. I think this flavor is much better than Phish Food, which is another flavor of Ben and Jerry's. With both cookie dough and brownie, you can't go wrong.",positive
4394,"Best of both worlds, chocolate & vanilla, cookie dough and brownie",positive
3779,yumm,positive
3780,This is the best alternative milk product on the market. It tastes amazing and the Full Fat option is the most deliciousâ€” I find it to be creamier than the Oatly creamer.,positive
4395,wish there were larger size options and cake optionj,positive
4396,One of the best flavors that exists!!! Totally recommended!,poisitve
4397,I love half baked it is such an amazing ice cream I could eat it everyday and not get sick of it,positive
4398,"legiterally saved my fudging liiiiifeee, and id eat 10 pints if i could",positive
4399,enough said...!!!!!!!!!!!!!!!!!!!!!!!!!!!!!!!!!!!!,positive
4400,I really love the all around flavor of Strawberry Cheesecake Icecream. But honestly I don't think I tasted more than 2 tiny tiny pieces of the cheesecake. Maybe it should have been named strawberry and graham crackers.,negative
4872,Love the cone pieces in this ice cream and the flavor is really good I find myself eating the whole carton which is dangerous but Ben and Jerry's is always amazing and never a let down love this so much,positive
5727,"Because Im in college and only live in a dorm, these little pints of ice cream are really convenient. Theyre small enough to fit in the small freezer space of a mini fridge. Mint chocolate chip is my favorite flavor, but every flavor of Ben & Jerrys that Ive purchased has been good.",positive
11791,"I tried the chocolate fudge brownie about a week ago and I was a little disappointed because of the flavor. I felt like the chocolate ice cream could have tasted a bit sweeter and a lot more creamier. The ice cream tastes like water, but the brownies made it enjoyable.",negative
4387,My fav ice cream ever. I could eat it any time. It's usually my midnight snack.,positive
4389,"Considering the fact that chocolate ice cream isn't my favorite, the ratio was unequal",neutral
4390,My taste buds have loved me ever since I've discovered this flavor! I can no longer eat the plain chocolate chip cookie dough ice creams thanks to this amazing flavor! Truly a girls best friend!,positive
18884,I bought this battery tester about one year ago and have encountered no problems with it some pros are that it is-1) Easy to use2) Accurate3) Great Quality for the price4) Requires no batteries itselfThis is a must have product as it support most types of batteries.,positive
13246,"Wanted rechargeable batteries, as advertised.",positive
4392,This is usually my all time favorite ice cream . There was tons of brownie but absolutely no cookie dough in my tub . I searched and searched as I was eating and no cookie dough at all. Disappointed.,Negative
18885,I was able to check all my old batteries and this work perfectly.,positive
13247,Lasted less than a month when used in door security sensor.,positive
7680,"I love these mango they are my favorite, less sugar more natural delicious.",positive
13248,Pure crap. Purchase for my window sensor and each battery lasted 6 weeks or less. Other brands have lasted 6 mos - minimum! Will never buy again.,Negative
2510,"Sweet, and so fresh, I loved them! Great price, too!",positive
2511,"Yum! Whole Foods has the best produce. So fresh, so good. Never have I received any produce from Whole Foods that isn't perfect. Always very pleased.",positive
2512,Love me stone grape tomatoSweet all by themselves good in salad great for snack,positive
2513,Best ever so sweet and juicy. Now pics available because I ate them.,positive
2514,"Crisp, sweet and delicious. Highly reccomend this product.",positive
2515,Delicious tomatoes at a reasonable price! Great snacking and cooking!!!,positive
2516,Half a dozen withered tomatoes,negative
2517,The tomatoes were very firm and had a nice flavor,Positive 
2518,Fine,neutral
2519,"The product was fresh, & sweet.",positive
2520,"These were good quality grape tomatoes, not the most flavorful but red, firm and fresh.",positive
2521,These are always fresh and make it easy to add a fruit/vegetable to a meal without extra cooking. Great with sandwiches or home-cooked meal. Nice for holidays but we use them year round!,positive
2522,ok,neutral
2523,Good quantity and delicious. Eat mostly as side dish with sandwich.,positive
2524,"And what the heck is ""warmth?""",neutral
2525,Since our family doesnâ€™t have a garden this year your tomatoes are the closest thing I can think of to remind our kids of previous gardening experiences,positive
2526,Excellent product,positive
2527,I got a flavorless one. Not sweet at all. Disappointed.,negative
2528,"Not what I would call â€œsweetâ€. Flavor yes, but not sweet.",negative
2529,Great produce. Very fresh. Love the home delivery service!,positive
2530,Love its taste.!,positive
2531,Yum,positive
2532,WERE NOT VERY FRESH,negative
2533,So sweet,positive
2534,I use these tomatoes raw and cooked. I have never been disappointed.,positive
2535,Arrived with black spots covering all tomatoâ€™s! Bummer,negative
2536,"Sweet, sweet, fresh",positive
2537,Mooraih,neutral
2538,"These are so good, sweet, nice and firm. Itâ€™s my favorite way to enjoy tomatoes!",positive
2539,Nice and fresh and juicy plump.,positive
2540,"They're very tasty, I cut them in halves and mixed with greens for salad. Also taste great on their own! Will buy again.",positive
2541,Wow! I love this Kombucha. Best Iâ€™ve ever had. I also bought different flavors at the grocery store and they are all delicious. Very refreshing.,positive
2542,So delicious ! My favorite,positive
2543,Could not appreciate it as much after knowing it contained sugar....,negative
2544,One of my favirite kombuchas. Itâ€™s crisp and clean. Not too sweet.,positive
2545,Love this Kombucha!,positive
2546,"Like soda, but without nearly as much sugar and caffeine.",posivite
2547,Tasty and fuzzy!,positive
2548,"My very favorite Kombucha. I love this one! A very light and refreshing taste. I have try a few different brands and a few different flavors from this brand as well, but this is definitely my personal favorite! Very happy I found these and will continue to buy them.",positive
2549,"I bought this kombucha, because it was on sale, big mistake! It has a vinegar after taste. I would not buy this again even if it goes on sale again. Yuck!",negative
2550,The best Kombucha,positive
2551,The best flavor of this brand in my opinion. 2nd pomegranate. Could be cheaper though,positive
2552,Love this flavor. Itâ€™s subtle and not too sweet like most fruity flavors. Easy to drink regularly.,positive
2553,Absolutely love this. It's light and not overpowering. Super refreshing,positive
2554,I love it and I donâ€™t care who knows it.,positive
2555,"Its basically vinegar, but the addition of pink lady apple juice was sheer brilliance. The sour now makes sense! This was a gateway kombucha for me.... I like most of them now....",positive
2556,I have struggled with IBS for over 6 months and nothing has been as effective as this drink. Worked incredibly well for me and resolved most IBS symptoms.,positive
2557,Pretty â€˜mehâ€™,negative
16275,"Works as it should, wish it was cheaper.",positive
2558,Very delicious. I like this flavor because there is no caffeine. It reminds me a little like sprite as well!,positive
2559,It's sparkling hibiscus tea with lime. It's amazing.,positive
2560,"Absolutely disgusting! I couldâ€™ve just purchased a box of alka seltzer cheaper! Tried to add a tiny bit of sugar to make it not be a total waste of $$, so much carbonation it overflowed like a middle school science experiment volcano! Gross!!! Really a huge ripoff!",negative
2561,Beets are naturally sweet and yummy BUT these packaged beets are DISGUSTING DO NOT BUY,negative
2562,"Love these tender, delicious beets. These are the only cooked beets that have this lovely smooth texture, and yummy natural flavor! Love all the flavors in this brand.",positive
2563,"I personally didnâ€™t love the taste of these beats compared to another brand I purchase. However, if you donâ€™t want a lot of flavor added such as vinegar or ginger spices added these are great to put on salads.",negative
2564,Great tasting,positive
2565,Its done exactly how a fresh beet should bâ™¡,positive
2566,Excellent taste and texture.Love these beets. Don't plan to ever cook raw beets so this is the best.,positive
2567,Love the flavor and ready to eat,positive
2568,Beets highly underrated. I like to marinate these with some smoked paprika and a lil white wine vinegar/salt and a dash of sugar and do them with a lil vegan ricotta n shaved shallots with arugula or spinach. Theyâ€™re also good plain as a quick snack.,positive
2569,"Great tasting, well packed.",positive
2570,Especially when you don't feel like cooking your own. Taste home-cooked.,positive
2571,"Bought them once from Costco & haven't seen them since. I bought another brand from Amazon (brand name begins with G) and they are not nearly as good as this brand. Since I don't frequent many stores during 2020, I was excited to see them when ordering my Amazon Fresh delivery. Bought four boxes. More spendy than when I got them from Costco but worth it.",positive
2572,Lasts a long time in the fridge! very yummy and not as hard and it looks.,positive
2573,I really wish I liked these. Have an odd taste. Not sure what from.,negative
2574,"You can find them cheaper at the bulk stores, but I am trying to stream line my grocery shopping during COVID and ordering from Whole Foods for curb side pick up is very easy for me.They taste wonderful. I have used them in all types of salad recipes along with on their own with just a little goat cheese, chopped walnuts, and balsamic vinegar and they are always delicious. I have also made a copy cat version of a cold quinoa and beet salad a local deli serves. A great vegetable to include in our salad rotation and a great source of fiber! To me these cooked beets are worth the convenience of not having to roast and peel my own and stain my hands/ kitchen!Also, this may be tmi- but for those interested in GI health: the natural color in beets is hard for your body to break down, so if you eat enough of them in one sitting you can use them to check your gastric transit time ( I like to aim to keep mine 24 to 48 hours tops, any slower and I feel I have increased digestive issues)!",positive
2575,"I love beets, but these were inedible. Not sure if maybe they were spoiled, or whether they were just cooked to death. Either way, they smelled bad and they tasted worse, even in a smoothie.",negative
2576,Very good,positive
2577,"Not too much vinegar, something common with many other brands. Cooked to just the right consistency. I enjoy them cold from the refrigerator, usually one or two at a time as a salad.",positive
2578,Tasted fresh and were cooked tender.,positive
2579,"So tasty and great for salads. No prep or cooking, just cut and add. Love them!",positive
2580,These were surprisingly flavorful and incredibly easy to use.,positive
2581,Great flavor!,positive
2582,Very tasty and perfect for a quick meal.,positive
2583,Yucky. Taste like plastic. Will not buy again.,negative
2584,"Tastes really weird, at the same time there is almost no flavor. The texture is also very strange. Had to discard.",negative
2585,Taste better than flour tortillas and without the gluten.,positive
2586,Delicious but very expensive,neutral
2587,Toasted on grill or warm it up in microwave for few seconds and it will taste amazing.,positive
2588,My family doesnâ€™t like them but I love them. In the beginning theyâ€™d crack but once I placed them in the freezer and thawed before using they didnâ€™t crack like before.,positive
2589,Auto-immune friendly. No adverse reaction. I can have a wrap again. Made a pizza with vegan cheese. Had with my homemade bean spread and vegan cheese. Filled wrap with tuna and spring mix. This product has given me more options.,positive
2590,"LOVE their chips. These unfortunately donâ€™t fill the tortilla gap, but I hope they keep trying!",positive
2591,It tastes too overly sweet for a tortilla. Maybe try the almond flour instead.,negative
2592,Hint: run them through a mini waffle iron for 60 seconds and they're good to go. Now we can make anything taco!,positive
3781,Solid product. I can definitely feel the increase in energy leading to better performance at the gym.,positive
2593,"If you are gluten free these are a great find. But there is a trick to using them for quick wraps. I put mine in the microwave for 10-20 secs and they are just right. Any longer and they get hard on the edges. Great quick lunch with hummus, turkey and broccoli sprouts.",positive
2594,"The texture and taste of these really floored me. I don't normally eat gluten-free, but due to some recent health setbacks, I'm trying it out for the moment. These might remain in my normal rotation for life, though. Give them a try--they're FANTASTIC. Pliable and flavorful.",positive
2595,Warm up in microwave for 20 seconds and theyâ€™re perfect!,positive
2596,Yummy,positive
2597,"These are absolutely amazing!! Iâ€™m somewhat new to being gluten-free, and Iâ€™m also super picky about GF foods. These tortillas are heavenly! When you follow the directions to gently heat them in a pan for a few minutes, they come out soft, pliable, and do NOT fall apart. The flavor is so subtle, you can be fooled into thinking theyâ€™re flour tortillas. Yes, theyâ€™re expensive, but theyâ€™re totally worth it in my book. Iâ€™m sure these can be made from scratch for less, but in a pinch, Iâ€™m buying these every single time.",positive
2598,"At first touch, these seem to have a weird texture but once you heat them and fill them up with yummy stuff, they make really good tacos!",positive
2599,I liked the taste abs quality. I will buy them again,positive
2600,I love these but so hard to find,positive
2601,These are not like the cassava tortillas you can make yourself at home. Those are tasty & closer in texture to a flour tortilla. I expected these to be the same & ordered out of convenience. Holy cow these were one of the worst things Iâ€™d ever eaten! These seemed like they dissolved into mush in my mouth. The texture was closer to a rubbery corn tortilla than a flour tortilla but at least a corn tortilla taste way better. These break apart like corn tortillas when you wrap them so youâ€™d have to double them up but theyâ€™re so bad you donâ€™t even want one. Canâ€™t even give these away. Dog didnâ€™t even want them so threw them away.,negative
2602,These turned into our favorite go to for taco night. Easy to heat and they are delicious. Amazing corn alternative!,positive
2603,"The siete cassava flour tortillas are my favorite grain free tortillas! Theyâ€™re a little brittle right ouf the package, but if you warm them up (I use the open flame on my gas stove) theyâ€™re perfect! I think theyâ€™re overpriced, but they do go on sale periodically so stock up!",positive
2604,"Tastes like paper, cooks like paper! I would recommend this to termites, silver fish, and field mice (for nest building only!!!)",negative
2605,"Out of all the grain free tortillas, these are our favorite. To get the right texture and warmth, one needs a tortilla warmer. They do burn fast if you donâ€™t watch them. The are great for tacos, but if you fill them too much, they donâ€™t have the structure to hold it all. They are a bit expensive for what you get, but they go on sale at Whole Foods for $5.39 every once in a while. Most often they come to Whole Foods frozen already and Whole Foods thaws them out. So know they are pre frozen. You can buy in bulk and freeze them at home when they go on sale.",positive
2606,"Love siete products, but the wraps break too easily- they don't roll well. There are better gluten free wraps out there.",negative
2607,Love this brand - and its such a great option for alternative tortilla. I feel great after eating.,positive
2608,"Love taste, but not price.",positive
2609,"Horrible. I'd rather go without than eat these again. I try to abstain from gluten, but won't purchase these again.",negative
2610,"So this item was given as a substitute for another tortilla brand and overall, Iâ€™m not disappointed. They do have sort of a weird smell, and very very think once you warm them, but..... theyâ€™re friendly for like every diet and healthy sooo..... thatâ€™s a compromise Iâ€™m willing to make. Theyâ€™re light and airy so I didnâ€™t feel guilty eating them!",positive
2611,Totally love my tortillas delicious better than regular flour tortillas,positive
2612,"I want to love the siete brand but they are not like regular tortillas. The problem is that when cooking them, they are very soft and not sturdy. They curl and break. Not recommended",negative
2613,"I like making quesadillas with these, a little tougher to use for wraps, etc. But the flavor is good",positive
2614,"These tortillas are top-notch. So happy to find such a healthy, limited-ingredient tortilla to make my toddler quesadillas:) thanks!",positive
2615,Heading says it all...,neutral
2616,Costs way more than ingredients demand. Price goes over the logical threshold.,negative
2617,This was a new product for me and I ended up eating a few of them and throwing the rest in the compost. I wouldn't purchase these again.,negative
2618,"We have celiac, these hold together like what I remember â€œrealâ€ flour tortillas did.Taste great too, they are slippery so you know they arenâ€™t the other kind, but it was nice to have a taco that didnâ€™t fall apartâ€™",positive
2619,"Honestly, I didn't like the flavor and texture. It also doesn't heat well. Crumbles rather.",negative
2620,"It is difficult to find gfree food alternatives, and I am so lucky I found this one! I was so happy to make meat and cheese quesadillas and look forward to more recipes. It is really nice just to eat the foods I love without having to worry about food allergies.",positive
2621,These are absolutely AWFUL. Taste horrible and are really thin and crumbly. They do NOT work as a wrap at all because they break Into pieces . And they're expensive!!! I don't know why they replaced the Udi's with these. Udi's blow these out of the Park. Very disappointed- I guess we won't be eating wraps anymore until we find something else.,negative
2622,These are my absolute favorite tortillas... but unfortunately they are way too expensive for what you get. Double the amount of tortillas would be worth it. Splurge buy when I want to treat myself or when theyâ€™re on sale! Great for egg tacos :),positive
2623,"These aren't tortillas as much as they are cassava crumbles temporarily shaped like tortillas, which will soon revert to their original form. Any handling, folding, wrapping, or even biting, results in these extremely thin and brittle cassava wafers breaking up into dry, mealy pieces. It is impossible to use these to hold other ingredients; in other words, these fail as a burrito, soft-taco, taquito, or quesadilla. The flavor is non-existent, and the cost is considerably unbalanced, since you only get 8 micron-thin tortillas, which barely function as it is.",negative
2624,"I love these. Been gluten intolerant for over 20 yrs. and these are a joy.The flavor is really good, the gentle starchy mouth feel is great. They are WAY tastier warm than cold so take the time to heat them. Wrap in lightly dampened paper towel if microwaving. If heating in a skillet watch them closely and wrap them up quickly as they will harden quickly (awesome for tortas!).Jicama wraps do a number on my stomach and corn fogs my brain and my GI tract. These are a great alternative. Just don't eat too many (more than 2 or 3) in one sitting or they can cause some GI rumbling/distress (from the cassava flour). This is more of a problem with their chips, which are REALLY delicious and easy to eat too many in one sitting!",positive
2625,I LOVE these. They are perfect. When I found out I had a gluten and dairy issue I was devastated because I made wraps almost every day with tortillas and the gluten free ones were gross. So happy to of found these and they taste amazing. Just make sure you warm them up as instructed and they're the best. I like them more than my old ones,positive
2626,"We use these to make rollups with either lunch meat or chicken sausages (like a hot dog). Follow the directions and they turn out great. Not tough, and don't crack like the almond version.",positive
2627,"Love this brand! These taste a tad bit better than the 360 store brand.. although, more expensive.",positive
2628,Hoping would be Keto friendly but far from it. Probably my fault for not looking at the entire description,negative
2629,"Great product, amazing price, HIGHLY recommend!",positive
2630,Very good gluten and grain-free tortillas!,positive
2631,"I want to love these, because it would be awesome to find a great gluten free tortilla. Unfortunately these are just okay & they are mighty expensive for being okay. These break a part almost instantly with you like to make wraps. Taste is bland, texture is a bit weird.",negative
2632,These are the best tasting Keto friendly tortillas ever. Hands down.,positive
2633,"I am highly allergic to anything with wheat flour, gluten or almonds/nuts. These tortillas were delicious and easy to digest! Very tasty, I use them to make sandwich wraps with ham and cheese. Will buy again!",positive
2634,"Love Siete tortillas, they are healthier and better overall.",positive
2635,"I really loved these tortillas. Completely satisfied my tortilla craving while on keto, but donâ€™t get it twisted, Iâ€™m probably not going to buy these often. They are pricey. (Ordering cassava flour after I finish this review). I was afraid the vinegar ingredient in these would be strong (loath vinegar) but I couldnâ€™t taste it all! I think I actually like these better than store bought flour tortillas. I find flour tortillas too salty and doughy for my taste. I also like that these are thin and very light in flavor.",positive
2636,We love these tortillas so much. Theyâ€™re great warmed up if youâ€™d like a softer tortilla and you can also crisp them up really good in a cast iron pan. These have become a staple in our household if you know someone who is avoiding both corn and gluten.,positive
2637,Excellent taste and great substitute for people with allergies but way over priced. Talk about price gouging how much does it cost to make these a nickel and they are not using organic ingredients and they are thin. Maybe a couple penny's. The ziploc bag they come in cost more to manufacture. Taking advantage of people with Celiac and corn allergies. I have them in a pinch and glad they are available but just cant believe the cost.I can make these using organic cassava flour that are not thin and the kids have a good time.,positive
2638,"I love these because they are so neutral tasting. They obviously arenâ€™t a white flour tortilla, but as close to as I can get to enjoying.Pros:- They are not gummy- They donâ€™t have an aftertaste- They're best slightly warmed, fried, or toasted.ðŸ‘‰ if you see the boxed taco shells by this brand ...BUY THEM!!! OMG soooo good (my hubby is addicted to them)I havenâ€™t purchased the chips, I canâ€™t validate $5 for minimal amount in bag.",positive
2639,Okay these are really disgusting and expensive! Very weird taste. I threw them out. If you can find the Siete almond flour ones go with those they're good.,negative
2640,"I love that there are minimal ingredients and no unnecessary fillers, but they just donâ€™t provide the flavor I like for my tacos.",negative
2641,"Where have you been all my life? I donâ€™t know how you manage to make these so light tasting, but pliable enough to fill with lunch meats and veggies, or taco beef, or eggs and veggies and the list goes on. I canâ€™t have gluten, grains, or nuts. Whatâ€™s left? Cassava, coconut flour, and chic pea flours. I thought there were no sandwiches in my future. But, then I found these. Thank you!!!!!",positive
2642,"I saw these at my local market in the frozen section and was intrigued, but they were super pricey! As someone who is always on a quest to eat clean and flour tortillas are never on my menu, I just had to give these a shot. I made 2 breakfast tacos with spiced up ground turkey, eggs and salsa (hold the cheese :/). I cooked the tortillas right on the burner to give them that slightly charred flavor and wow! These did not disappoint. They have a slight chew just like a flour tortilla that has gluten in it, and they hold together tremendously! If someone served these to me without telling me they weren't flour, I would have sworn I was eating flour tortillas. And I grew up eating homemade flour tortillas. Anyway, if you can get past the price (you can't put a price tag on your health) then I would definitely recommend giving these a try. I haven't ordered them on line so I haven't had an issue with freshness.",positive
2643,Fungus issues,negative
2644,"Although a bit pricey, these are simply the tastiest tortillas I've ever had. They are thin, easy to cook, and surprisingly strong for how thin the tortilla is. These have been a game changer in taco Tuesdays.",positive
2645,I hate corn tortillas... But these actually taste pretty good.,positive
2646,"Was pleasantly surprised with this tortillas, really a great option for gluten free",positive
2647,"This is a plain tasting tortilla much like a flour one. It is a great substitute for those who canâ€™t have gluten, aka lectins. I recommend that you hear them up or fry them before eating so the fold easier without breaking. The only bummer is that there are only 8 in a pack; I wish they more.",positive
2648,"I don't normally leave reviews but HOT DANG, these tortillas were so delicious for my first time trying. Paint the scene: I woke up hungover, took me until 10am before I could leave the couch. Then, I remembered I had these tortillas to try and I slowly made moves to the kitchen. I made 2 breakfast tacos and topped off with their cashew queso, it was mehhh, and at first bite I was sold on the tortillas. 1. There was a delightful crunch when I took my first bite. 2. The tortillas didn't break AT ALL for being on the thinner side. At this point, I was already sold based on this delightful experience. But after eating and feeling more revived, I ran back to the fridge just to see the nutrition facts and here goes my run on sentence - THANK YOU SO MUCH SIESTE FOR UNDERSTANDING THAT A NORMAL SERVING SIZE TO PEOPLE IS 2 TORTILLAS and recognizing that it is silly when brands put one tortilla as a serving knowing full well people have at least 2. Now I will say at roughly a dollar per tortilla I put them on the pricey end, but these are the best tasting gluten free tortillas I have ever had will be definitely continue purchasing in the future!",positive
2649,can't believe how delicious and filling they are,positive
2650,Better than I could have imagined! These have the elasticity of the best legit tortillas - Iâ€™ve tested their structural integrity with loads of fillings and mmmmm they did not disappoint.,positive
2651,These tortillas are awesome!!! I spray a little cooking spray in the pan and then flip them till they have light brown spots. You donâ€™t want to over cook them or on high heat.,positive
2652,They break very easily and are difficult to wrap anything.,negative
2653,These were horrible. Terrible texture and broke apart as you tried to use it for a burrito or taco. Do not recommend.,negative
2654,These taste fantastic and itâ€™s a great alternative for a someone who does not eat wheat,positive
2655,These are horrible. Absolutely one of the worst things Iâ€™ve ever tried. I literally couldnâ€™t give them away to a homeless person. If I could give zero stars I would.,negative
2656,Expensive but good alternative to wheat!,postive
2657,The best paleo tortillas,positive
2658,By far my favorite tortillas! When I donâ€™t have the time to make my own cassava tortillas these are great!,positive
2659,"These are a great option if you have dietary restrictions, however the almond flour have a better taste and consistency if you can tolerate the ingredients. These cassava ones missed the mark for me, wonâ€™t be buying again!",negative
2660,This is one of the best grain free wraps. My favorite is the coconut and cassava. Works great for my busy life.,positive
2661,Delish,positive
2662,These are a great substitute for regular tortillas. If they are warmed up correctly they are playable and can be used the same as a regular flour tortilla. Mexican food is a staple in our home and with myself eating Paleo these will help it stay that way! I see some people complain about the cost but I will pay the price over having to make my own that donâ€™t turn out nearly as good! Worth every penny! Thanks Siete!,positive
2663,ðŸ¤¢,negative
2664,For a grain free product these are outstanding. They obviously donâ€™t taste like a traditional flour tortilla but theyâ€™re a great substitute.,positive
2665,LOOOOVE these. I heated these up in a pan with Ghee and butter until they turned brown in some areas and they were absolutely perfect as a substitute to Naan. I would buy them often if were not for the price.,positive
2666,tortilla! More flavor! Breakfast burrito!,positive
2667,These are great! Don't crack as easily as some other grain free tortillas and good flavor.,positive
2668,Obscenely expensive and too dry to wrap anything.,negative
2669,Yuck these are nasty! Lol! They break apart and are dry. Just go tortilla-less.,negative
2670,This are the worst example of a grain free tortilla ever. Quite honestly. Hard dried put card board.,negative
2671,Love the tastI should know it am picky,positive
2672,I got this package and the tortillas were moldy! I had not let them sit outside in the mail for longer than an hour and they were on ice! Green spots all over them and have not heard back about a refund......,negative
2673,had to throw away because ice pack was melted.,negative
2674,"Great tasting tortillas, I highly recommend them but too... expensive but You can get them at whole food Market for less than $8.",positive
2675,If I could write 0 stars I would. As you can see in the photo there is mold on this item. And when I tried to return it there is a â€œno return availableâ€ on this item. I wouldnâ€™t want it back either!!! And I was so hopeful to find this product!,negative
2676,Good but expensive,positive
2677,Why!! They're so good!!,positive
2678,very tastywell buy again,positive
2679,These completely fall apart when used as a wrap. But I at least feel like Iâ€™m getting something like a carb when I eat with my chicken and greens. I suggest just eating in place of a dinner roll if your diet requires.,negative
2680,I loved it.Very good taste.,positive
2681,This is a heavy dough. I would give five stars if the manufacturer cut the pizza in half so you could use in two portions. Or make two individuals in one package.,positive
2682,"Delicious! Gluten free and full of protein, what more could you want!",positive
2683,This was surprisingly good.,positive
2684,"Made with olive oil! Yay!!!!! I finally found a pizza that my non-celiac family loves as much as I do, the celiac. We top with pepperoni and fresh mozzarella. The basil in this pizza really sends it over the top. It tastes like it was just picked from the herb garden. This is so good without a laundry list of ingredients that are questionable or just bad for you. Most seed oils are so toxic. I only use olive, avocado, coconut oil. Also only ghee, tallow or butter. Back to what nature intended. Thank you Banza! We also love your chickpea elbows!",positive
2685,This is the best best best gluten free pizza crust. I absolutely love it. I make my own toppings - pesto greens and mushrooms - for this crust and the crust never falls apart or is soggy. It's also delicious,positive
2686,So delicious! I love the texture and taste!,positive
2687,This is incredibly good. It is hard to find in stores. Delivery was perfect.,positive
2688,Tastes amazing. Better than cauliflower crust. Crunchy and itâ€™s PIZZA! Love the crust. Will be buying more.,positive
2689,My roommate and I love these pizzas. Great to curb the pizza cravings with less of the guilt.,positive
2690,So overpriced for a small mediocre pizza,negative
2691,"Wow, Iâ€™m not even GF and this was delicious, especially for a frozen pizza. I added fresh garlic, red pepper flakes, and shaved some parm on top and it was, chefs kiss!",positive
2692,I loved the flavor and the thought that I donâ€™t feel as guilty when I chow down on one of these! Thank you Banza.,positive
2693,The BEST cauliflower crust pizza. Wow. I like it better than real pizza.,positive
2694,Healthy and good flavor! Finally delicious pizza with less guilt!,positive
2695,Everyone liked it. No complaints.,positive
2696,This crust is delicious. Iâ€™m gluten free and vegan but I loveee pizza and there are very few options out there for me so I was stoked to find this. Itâ€™s got lots of protein and cooks to a crisp and has a very similar flavor to regular crust- I actually like it better and eat this regularly with sauce and vegan cheese!,positive
2697,"This is really good pizza. My toddler eats it, so that's high praise!",positive
2698,not a chickpea fan but this pizza was great,positive
2699,It taste very good. It is gluten free made from chickpea which is great. Only problem is its a bit expensive.,positive
2700,"I have been gluten free For 4 years. As a pizza lover this has been hard. Gluten free pizza crust is generally meh. I insist I have tried them all.... and this is possibly the best gf pizza crust that I have ever had. The only other ones that rank high are Newmanâ€™s own gf (which is more thin and crisp) and against the grain (which is an entirely different experience) this is way better than any cauliflower, almond, grain free, Keto, what have you crust Iâ€™ve tried. Itâ€™s almost like bread. I would highly recommend.",positive
2701,This pizza is amazing! Love all banza products and this pizza is the best gf pizza ive had yet ðŸ˜‹,positive
2702,Love it,positive
2703,Love all of Banzaâ€™s products and this definitely didnâ€™t disappoint. Not a big fan of the veggie one but the margarita one is so good. If youâ€™re a cheese lover would definitely add some extra though.,positive
2704,"Itâ€™s a tasty wheat , refined sugar alternative . Discovered this on Monday. Itâ€™s now Saturday and Iâ€™m having my fourth.",positive
2705,"Great product, healthy and delicious!",positive
2706,this is healthy bread. toasted with butter or my daily sandwiches for lunch,positive
2707,"If you like Peanut Butter & Chocolate, itâ€™s the best snack bar around!",positive
2708,"Make sure to refrigerate these.. These are so delicious.. that I ate them all in one day.. Thus, not very healthy.. ha ha ha..Definitely worth the buy!",positive
2709,Delish and filling!,positive
2710,This thing tastes great. Like really good. But that's because it basically IS a candy bar - lots of fat and sugar and feels greasy. Also its super dense and felt like a brick in my stomach. I felt a little constipated the next morning.,positive
2711,I like this flavor better than just the peanut butter because it has what seems to be flax seeds on the top. Theyâ€™re so yummy!!! Rich and like cookie dough! Yum!!,positive
2712,Love these!,positive
2713,"My shopper decided to sub this for a candy bar, not the same. The taste and texture were disgusting. You can get the same fat, carbs and protein by just eating 4 TB of peanut butter",negative
2714,The best bar,positive
2715,"If you know what is good for you, be forewarned, these are basically crack chocolate chip goodness. Honestly, I eat an alarming number of these things.",positive
2716,"I would give negative stars if I could. I love the other flavors, but this one is just gross.",negative
2717,I love these bars! But recently I realized they were triggering my intolerance to lactose. Great bars but not if youâ€™re lactose sensitive.,positive
2718,Perfect indeed!,positive
2719,Best breakfast bars ever! They are pricey but so worth it,positive
2720,Not my favorite flavor but I do love these bars.,neutral
2721,As the title says this is the best brand of protein bar ive ever had. Doesnt taste like processed garbage and actually satiates the sweet tooth! You do have to kee em refrigerated and if h keenit in your pocket for too long itll melt so best to keep em at and not bring em directly to the gym (or use a cooler at least or somethin),positive
2722,Ordered through FRESH. Clearly Amazon did not think to store this in the cold while delivering this to me. By the time it got to me it was soggy and warm. I was very dissappointed as I love them.,positive
2723,Full flavor great snack for any time of the day.,positive
2724,Seriously so good. No other words. Just so good.,positive
2725,"Nutritious and Delicious. Great taste, good nutrition and good quality. Keeps you full for a long time.",positive
2726,Love these! So delicious. Expensive though.,positive
2727,My favorite protein bars!,positive
2728,Very good taste didnâ€™t upset my stomach just wished it was bigger,positive
2729,Nasty aftertaste like itâ€™s spoiled,negative
2730,Just what I wanted.,positive
2731,"I absolutely LOVE these bars!! I've been eating them just about every morning for the last 6 months maybe even longer than that! I am not super hungry in the morning and I find these help me get in some protein and carbs in so I don't end up completely famished by my next meal. I work a very early shift and one bar with my coffee is exactly what I need to start my day! I am so happy to see them available just about everywhere now, I first saw them at Natural Grocer's ,then I found them at Trader Joe's! Now I see them at most of the main stores in my area ( Safeway, Kroger's and Walmart) and even at Starbucks. The price varies greatly but I am glad I have the option to purchase it many different places.",positive
2732,Who doesnâ€™t love peanut butter,positive
2733,These are so good! Very filling.,positive
2734,"yum, my fav perfect bar.",positive
2735,Peanut butter lovers unite!,positive
2736,Good,positive
2737,Good,positive
2738,"I love this bar so much, but I love almond butter and its basically like eating almond butter in bar form to me.",positive
2739,These are amazing !!! Wish i would have found out about these before now.,positive
2740,Great bar,positive
2741,"Our son is crazy about these bars. They provide some great nutrition, while tasting great. Our son is on the picky side with everything.",positive
2742,"I never write reviews but Perfect Bars deserve one. Itâ€™s near perfect. Iâ€™ve eaten one every day for three years. Sometimes two. The texture is incredible and taste is spot on. Peanut butter and dark chocolate chip are my favorites, but Almond Butter and Peanut Coconut arenâ€™t far behind. My only wishes (1) they have dairy. Wish they didnâ€™t. (2) something with fruit would be amazing. Raspberries? They used to have a fruit & nut but that seems to have been discontinued. Please buy these bars so I can be assured an uninterrupted supply for my lifetime.",positive
2743,Not a bad flavor. Not addictive either.,positive
2744,"Great taste, very clean and healthy and perfect for breakfast or before a workout. I love these bars.",positive
2745,These are so good!,positive
3782,It actually works.,positive
2746,I bought this bar for the first time because of a promotion and I was very pleased with the product. It had great peanut butter flavor and was delicious! Very satisfying. Good source of protein. I will definitely be ordering more.,positive
3783,"Iâ€™ll start with the con, they are hard for me to swallow. Other than that they seem to help me overall. I feel more energetic. Iâ€™ve only taken then for one month but I can tell a difference. Iâ€™ve been pleased with the results.",positive
3784,Easy to swallow,positive
3785,I like this product. After talking this feel good energy .,positive
3786,"Just got them today for my husband, so I hope they do help.",positive
3787,GREAT PRODUCT,positive
3788,I was concerned that this would affect my sleep or upset my stomach. Neither one of those happened. I feel like I have more energy and better focus during the day.,positive
3789,"So, fare so good. Packaged well. Easy to to take.",positive
3790,I like â€˜em. They give you a little more pep in your step,positive
3791,it started to work in just a few days for my husband more energy and ðŸ’˜ðŸ˜»,positive
3792,"My energy level had been low and my stamina was in the tank. I started noticing a difference within about two weeks. Stamina improved, I had initiative again to get up and get moving, exercise more and tackle physical jobs around the farm I had been avoiding. As a result of my increased activity level, I have lost weight and feel better than Iâ€™ve felt in the last few years. Finally, my quality of sleep has greatly improved and I generally feel better, look better (physically) and feel like my old self again.",positive
3793,Needed a boost of energy prior to work outs and found it here also noticed throughout day maintain nice energy level, no crash feeling in evening.
3794,Seems to be working really well can tell the difference in my energy level for sure. I would by this product again.,positive
3795,Works better than I expected,positive
3796,Prime Labs Men's Test Booster provides a clean feeling energy boost with no side effects. It's great for pre-workout or just as an energy booster for those days where I'm feeling a little tired or unfocused.,positive
3797,Great product. Went to the lake yesterday. I feel my energy is up !,positive
3798,I do feel I have more energy.,positive
3799,I definitely feel a difference when I exercise or start my day when I take these early in the morning around 7am along with a energy booster supplement. It is very efficient and I can actually notice a burst of energy and increase in my strength when I am taking these daily and exercise than without it!,positive
3800,"This product gave me increased strength , i could fee the difference within 2 weeks . I only took 1 a day . Plus it kept my other muscle strong too. I took advantage of that on my trip to Colombia. A lot of happy Colombian mamacitas haha.",positive
3801,These are like eating air. And have zero nutrition. Iâ€™d rather get something out of my food for 100 calories. Save your money.,negative
4874,Americone is so delicious. I love the pieces of cone in the ice cream. The taste is amazing,positive
10803,"This is one of my favorite flavors! It has everything I'm looking for! Large mix-ins, a rich base, and lots of chocolate cookie swirls... so yummy!",positive
6976,"I was SO excited to try these but wasn't impressed, unfortunately. For the price and the hype, I was expecting to want to enjoy these daily... I'm not crazy about the taste and have found lower cost candy ""alternatives"" that I have really enjoyed much much better. ):",negative
18886,I love it it was a good choice no problem with it I installed it in my mac probook.,positive
13250,This type of battery works in our Simplisafe system.,positive
5728,My favorite ice cream in the world! Awesome flavor and perfect combination for Netflix and bed hahah,positive
6975,"I was given a bag in my Easter mug and loved them! I had to order more, the flavor is great.",positive
3477,"I love any type of unsweetened dried fruit, but these are my favorite. It's a great replacement food for people who have to stay away from sugar. I would eat a 28oz bag daily if it wouldn't cost $160 per week. Even our English Bulldog loves them!",positive
13249,NO PROBLEMS HERE.,positive
13251,What can I say. They are batteryâ€™s. They work and they are way cheaper then buying them at the store.,positive
13252,Great value. Couldnâ€™t find batteries for the security system. I ordered these from Amazon and they arrived within a couple of hours. Security system was up and operating.,positive
13253,"Bought a set of these batteries for my smoke detector - they last less than a month!?! I tried twice, then gave up and threw the rest out.",negative
2747,This is one of the best tasting protein bars on the market. The peanut butter is the best flavor of this particular brand.,positive
2748,Tasty,positive
2749,"These are so delicious â€”- great protein packed bar, full of nutrients .. I love all the flavors but coconut pb is amazing!",positive
2750,"I ordered it expecting an 8 count, like in the description. It is only one bar and someone should update this. It's a little thing called fraud.",negative
2751,Love these bars for a quick breakfast in the mornings when Iâ€™m in a rush.,positive
2752,My favorite thing to eat each and every day!!!!!!!,positive
2753,"So good, especially if you can't chew peanuts!",positive
